{"cameraMode":{"drawMode":0,"name":"Shaded","section":"Shading Mode"},"sceneLighting":false,"audioPlay":false,"sceneViewState":{"m_AlwaysRefresh":false,"showFog":true,"showSkybox":true,"showFlares":true,"showImageEffects":true,"showParticleSystems":true,"showVisualEffectGraphs":true,"m_FxEnabled":true},"in2DMode":false,"pivot":{"x":23.176795959472658,"y":6.961333274841309,"z":6.5192999839782719},"rotation":{"x":-0.14494965970516206,"y":0.7123032808303833,"z":-0.15428784489631654,"w":-0.6691884398460388},"size":1.2247449159622193,"orthographic":false}