{"cameraMode":{"drawMode":0,"name":"Shaded","section":"Shading Mode"},"sceneLighting":false,"audioPlay":false,"sceneViewState":{"m_AlwaysRefresh":false,"showFog":true,"showSkybox":true,"showFlares":true,"showImageEffects":true,"showParticleSystems":true,"showVisualEffectGraphs":true,"m_FxEnabled":true},"in2DMode":false,"pivot":{"x":724.8695068359375,"y":470.00738525390627,"z":-1276.9779052734375},"rotation":{"x":0.04350893944501877,"y":0.03240308165550232,"z":-0.0010906235547736288,"w":0.9986016750335693},"size":1.2247449159622193,"orthographic":false}