{"cameraMode":{"drawMode":0,"name":"Shaded","section":"Shading Mode"},"sceneLighting":false,"audioPlay":false,"sceneViewState":{"m_AlwaysRefresh":false,"showFog":true,"showSkybox":true,"showFlares":true,"showImageEffects":true,"showParticleSystems":true,"showVisualEffectGraphs":true,"m_FxEnabled":true},"in2DMode":false,"pivot":{"x":586.281982421875,"y":545.0164794921875,"z":58.400146484375},"rotation":{"x":0.004533634055405855,"y":0.002415608847513795,"z":0.00034331754432059824,"w":0.9999925494194031},"size":660.8404541015625,"orthographic":false}