{"cameraMode":{"drawMode":0,"name":"Shaded","section":"Shading Mode"},"sceneLighting":false,"audioPlay":false,"sceneViewState":{"m_AlwaysRefresh":false,"showFog":true,"showSkybox":true,"showFlares":true,"showImageEffects":true,"showParticleSystems":true,"showVisualEffectGraphs":true,"m_FxEnabled":true},"in2DMode":false,"pivot":{"x":-7.473410129547119,"y":2.424943208694458,"z":18.920793533325197},"rotation":{"x":0.21591120958328248,"y":-0.38076984882354739,"z":0.09232831746339798,"w":0.8943735361099243},"size":1.2438052892684937,"orthographic":false}