{"cameraMode":{"drawMode":0,"name":"Shaded","section":"Shading Mode"},"sceneLighting":false,"audioPlay":false,"sceneViewState":{"m_AlwaysRefresh":false,"showFog":true,"showSkybox":true,"showFlares":true,"showImageEffects":true,"showParticleSystems":true,"showVisualEffectGraphs":true,"m_FxEnabled":true},"in2DMode":false,"pivot":{"x":17.24696159362793,"y":-1.2520875930786133,"z":-29.611560821533204},"rotation":{"x":0.12540623545646668,"y":0.4671647846698761,"z":-0.06673780083656311,"w":0.8727515339851379},"size":1.2247447967529297,"orthographic":false}