{"cameraMode":{"drawMode":0,"name":"Shaded","section":"Shading Mode"},"sceneLighting":false,"audioPlay":false,"sceneViewState":{"m_AlwaysRefresh":false,"showFog":true,"showSkybox":true,"showFlares":true,"showImageEffects":true,"showParticleSystems":true,"showVisualEffectGraphs":true,"m_FxEnabled":true},"in2DMode":false,"pivot":{"x":398.1582336425781,"y":270.4349060058594,"z":-605.4802856445313},"rotation":{"x":-0.005953429266810417,"y":0.030911460518836976,"z":0.0005584791651926935,"w":0.9995387196540833},"size":3.529747247695923,"orthographic":false}