{"cameraMode":{"drawMode":0,"name":"Shaded","section":"Shading Mode"},"sceneLighting":false,"audioPlay":false,"sceneViewState":{"m_AlwaysRefresh":false,"showFog":true,"showSkybox":true,"showFlares":true,"showImageEffects":true,"showParticleSystems":true,"showVisualEffectGraphs":true,"m_FxEnabled":true},"in2DMode":false,"pivot":{"x":27.691436767578126,"y":0.20820271968841554,"z":-42.24694061279297},"rotation":{"x":0.2083856761455536,"y":0.5260857939720154,"z":-0.13434281945228578,"w":0.8135722279548645},"size":1.2247449159622193,"orthographic":false}