{"cameraMode":{"drawMode":0,"name":"Shaded","section":"Shading Mode"},"sceneLighting":false,"audioPlay":false,"sceneViewState":{"m_AlwaysRefresh":false,"showFog":true,"showSkybox":false,"showFlares":true,"showImageEffects":true,"showParticleSystems":true,"showVisualEffectGraphs":true,"m_FxEnabled":true},"in2DMode":false,"pivot":{"x":-0.4894174337387085,"y":2.6095292568206789,"z":-1.4466770887374879},"rotation":{"x":0.0672721341252327,"y":-0.7528467178344727,"z":0.07845744490623474,"w":0.6500416398048401},"size":1.2247449159622193,"orthographic":false}