{"cameraMode":{"drawMode":0,"name":"Shaded","section":"Shading Mode"},"sceneLighting":false,"audioPlay":false,"sceneViewState":{"m_AlwaysRefresh":false,"showFog":true,"showSkybox":false,"showFlares":true,"showImageEffects":true,"showParticleSystems":true,"showVisualEffectGraphs":true,"m_FxEnabled":true},"in2DMode":false,"pivot":{"x":1.1288819313049317,"y":2.2535789012908937,"z":-2.9199538230895998},"rotation":{"x":-0.03260745108127594,"y":0.7629953026771545,"z":0.03914911299943924,"w":0.6444826126098633},"size":3.6982131004333498,"orthographic":false}