{"cameraMode":{"drawMode":0,"name":"Shaded","section":"Shading Mode"},"sceneLighting":false,"audioPlay":false,"sceneViewState":{"m_AlwaysRefresh":false,"showFog":true,"showSkybox":false,"showFlares":true,"showImageEffects":true,"showParticleSystems":true,"showVisualEffectGraphs":true,"m_FxEnabled":true},"in2DMode":false,"pivot":{"x":-0.39195185899734499,"y":1.4958508014678956,"z":-3.733786106109619},"rotation":{"x":0.12448357790708542,"y":0.20625822246074677,"z":-0.02611960843205452,"w":0.970253050327301},"size":0.5020940899848938,"orthographic":false}